year,population
2023,926494.978548139
2024,927534.163501378
2025,928403.0641088946
2026,929129.0460513544
2027,929735.241781325
2028,930241.1544812871
2029,930663.1919896735
2030,931015.1333561895
2031,931308.5328216564
2032,931553.0670866529
2033,931756.8320983751
2034,931926.5955048477
2035,932068.0105802892
2036,932185.7969377777
2037,932283.8927964744
2038,932365.583012197
2039,932433.606543444
2040,932490.246527615
2041,932537.4056925868
2042,932576.6694296508
2043,932609.3585041056
2044,932636.5730765131
2045,932659.2294466774
2046,932678.0907092597
2047,932693.7923200823
2048,932706.8634112545
2049,932717.7445573241
2050,932726.8025801089
2051,932734.3428835629
2052,932740.6197291958
2053,932745.8447948109
2054,932750.1943026191
2055,932753.8149553398
2056,932756.8288792698
2057,932759.337740191
2058,932761.4261703595
2059,932763.1646217692
2060,932764.6117416541
2061,932765.8163501733
2062,932766.8190868571
2063,932767.6537812677
2064,932768.348594048
2065,932768.9269668122
2066,932769.4084128927
2067,932769.8091755974
2068,932770.142776175
2069,932770.4204699635
2070,932770.6516261037
2071,932770.8440436256
2072,932771.0042145675
