year,population
2023,4135119.9823555653
2024,4184955.963210843
2025,4234791.864238039
2026,4284627.68211111
2027,4334463.413504127
2028,4384299.055091048
2029,4434134.603546001
2030,4483970.055543119
2031,4533805.407756532
2032,4583640.656860312
2033,4633475.7995287655
2034,4683310.832436021
2035,4733145.752256328
2036,4782980.555663933
2037,4832815.239333198
2038,4882649.79993843
2039,4932484.234153992
2040,4982318.538654246
2041,5032152.710113732
2042,5081986.745206872
2043,5131820.640608086
2044,5181654.392992089
2045,5231487.999033299
2046,5281321.455406433
2047,5331154.758786084
2048,5380987.905847025
2049,5430820.893263968
2050,5480653.717711743
2051,5530486.375865061
2052,5580318.8643989265
2053,5630151.17998817
2054,5679983.319307853
2055,5729815.279032919
2056,5779647.055838432
2057,5829478.646399453
2058,5879310.047391279
2059,5929141.255489027
2060,5978972.267367935
2061,6028803.079703415
2062,6078633.689170703
2063,6128464.092445327
2064,6178294.286202756
2065,6228124.267118517
2066,6277954.031868082
2067,6327783.577127266
2068,6377612.899571715
2069,6427441.995877132
2070,6477270.862719393
2071,6527099.496774433
2072,6576927.89471813
