year,population
2023,604495.8400557159
2024,598259.4989087302
2025,593034.518772567
2026,588674.2640019656
2027,585047.6864861302
2028,582039.6557908574
2029,579550.3848704528
2030,577494.3135629246
2031,575798.7130018029
2032,574402.1917352761
2033,573253.220530597
2034,572308.7459876828
2035,571532.9302526212
2036,570896.0321357915
2037,570373.4309420667
2038,569944.7859732542
2039,569593.3201664293
2040,569305.2143626433
2041,569069.0983191874
2042,568875.6251387529
2043,568717.1168588627
2044,568587.2702458322
2045,568480.9131957064
2046,568393.80345778
2047,568322.4626088438
2048,568264.0392926105
2049,568216.1966916684
2050,568177.020022491
2051,568144.9405470663
2052,568118.6731899214
2053,568097.1653498725
2054,568079.5549145492
2055,568065.1358345558
2056,568053.3299037424
2057,568043.6636318859
2058,568035.7492942442
2059,568029.2694059188
2060,568023.9640036148
2061,568019.6202281859
2062,568016.0637924294
2063,568013.1519934235
2064,568010.7679901125
2065,568008.8161172535
2066,568007.2180481706
2067,568005.9096526626
2068,568004.8384241939
2069,568003.9613732657
2070,568003.2433025291
2071,568002.6553944796
2072,568002.1740551044
