year,population
2023,564725.0253501933
2024,565284.6469161784
2025,565753.5134353641
2026,566144.7833395125
2027,566470.2163042502
2028,566740.143623578
2029,566963.5197439353
2030,567148.0224543832
2031,567300.1781204918
2032,567425.4957385767
2033,567528.5993132015
2034,567613.3522653383
2035,567682.9705248816
2036,567740.122934141
2037,567787.0188449842
2038,567825.4835413574
2039,567857.0225223993
2040,567882.8758580788
2041,567904.0638634939
2042,567921.4252877104
2043,567935.6491169914
2044,567947.3009755427
2045,567956.8449850095
2046,567964.661826135
2047,567971.0636371744
2048,567976.3062861813
2049,567980.599468775
2050,567984.1150091275
2051,567986.9936788236
2052,567989.35079483
2053,567991.2808129039
2054,567992.8610951819
2055,567994.1549994017
2056,567995.214411216
2057,567996.0818195355
2058,567996.7920170568
2059,567997.3734934652
2060,567997.8495767126
2061,567998.239367834
2062,567998.5585065886
2063,567998.8197985033
2064,567999.0337283758
2065,567999.20888078
2066,567999.3522844043
2067,567999.4696940082
2068,567999.5658212948
2069,567999.6445239511
2070,567999.7089604309
2071,567999.761716689
2072,567999.8049099474
