year,population
2023,754486.4469060713
2024,763237.4197229486
2025,771326.5633721708
2026,778777.200370985
2027,785617.1274769187
2028,791877.4112262825
2029,797591.3077015405
2030,802793.3213673723
2031,807518.4076512373
2032,811801.3161534707
2033,815676.065832138
2034,819175.5399445769
2035,822331.1865923443
2036,825172.8100450468
2037,827728.4382699993
2038,830024.2529722545
2039,832084.5697107147
2040,833931.8571126899
2041,835586.7857232463
2042,837068.2985012591
2043,838393.6963498254
2044,839578.7333095041
2045,840637.7171329216
2046,841583.6118962945
2047,842428.140093833
2048,843181.8823165947
2049,843854.3731526824
2050,844454.1923761726
2051,844989.0508330882
2052,845465.8706983682
2053,845890.8599810465
2054,846269.5813071507
2055,846607.0151209699
2056,846907.6175236889
2057,847175.373020887
2058,847413.8424828568
2059,847626.2066387783
2060,847815.3054313166
2061,847983.6735552214
2062,848133.5724944165
2063,848267.0193587462
2064,848385.8128054801
2065,848491.5563129595
2066,848585.6790552717
2067,848669.4546081624
2068,848744.0176980208
2069,848810.3791879925
2070,848869.439478336
2071,848922.0004821423
2072,848968.7763226045
